threshold_pct,n_degraded,pct_degraded
5,53,47.74774774774775
10,53,47.74774774774775
15,53,47.74774774774775
20,53,47.74774774774775
25,53,47.74774774774775
