threshold_pct,n_degraded,pct_degraded
5,51,45.94594594594595
10,49,44.14414414414414
15,47,42.34234234234234
20,47,42.34234234234234
25,44,39.63963963963964
