period,n,pct_degraded
Recent (2021–2026),48,50.0
Early (2011–2015),14,35.714285714285715
Mid (2016–2020),49,40.816326530612244
